<?xml version="1.0" encoding="UTF-8"?>
<activity>
	<heading><![CDATA[Deriving the IS and LM Curves]]></heading>
        <question><![CDATA[]]></question>
	<section title="Explanation" id="Explanation" type="content">
		<htmlData>
			<![CDATA[
        <p>The IS-LM model combines the IS and LM curves to determine output and interest rates. In this exercise, you work with the variables that determine the position of each curve. the exercise has two parts: one showing how the IS curve is derived and one showing how the LM curve is derived. To switch between IS and LM, click on the main tabs in the upper left corner.<p> The IS curve is derived from the Keynesian Cross model. This model consists of two basic equations:<br><p class ="italics" style = "color:red"><b>E = C (Y - T) + I(r) + G</b></p><p>Planned Expenditure (<span class ="italics">E</span>) equals the sum of consumption (<span class ="italics">C</span>), investment (<span class ="italics">I</span>) and government spending (G).</p><p class ="italics" style = "color:red"><b>Y = E</b><br></p><p>Actual expenditure (<span class ="italics">Y</span>) equals planned expenditure.</p><p> Figures in the textbook illustrates the Keynesian Cross model. The equilibrium values of <span class ="italics">Y</span> and <span class ="italics">E</span> are at the intersection of the two curves.</p><p>By varying the interest rate (<span class ="italics">r<span>):</p><br>
    <table style="width:50%"><tr><td>Higher <span class ="italics">r<span>  =</td><td>lower planned investment</td></tr><tr><td></td><td>lower planned expenditure</td>	</tr><tr><td></td><td>lower <span class ="italics">Y</span>.</td></tr></table>
    <br><p>In summary, the Keynesian Cross model implies that <span class ="italics">Y</span> and <span class ="italics">r</span> and negatively related.</p><p>In the IS curve part of the exercise, you will be able to change <span class ="italics">G</span> and <span class ="italics">T</span>. <span class ="italics">A</span> change in <span class ="italics">G</span> or <span class ="italics">T</span> causes the planned expenditure schedule to shift at every <span class ="italics">r</span>, resulting in a shift of the IS curve.</p><p>The LM curve is derived from the Liquidity Preference theory. This theory consists of three basic equations:</p>
    <p><img src = "image/3.png" alt = "left parent M by P right parent Whole sqaure S is equalto left parent M bar by P bar right parent whole equation" /></p><p>The supply of real balances is fixed.</p><p><img src = "image/2.png" alt = "M by P whole square D is equalto L left parent r , y right parent equation" /></p><p>The demand for real balances is related to the interest rate.</p><p><img src = "image/1.png" alt = "left parent M by P right parent whole square S is equalto left parent M by P right parent whole square d equation" /></p><p>The supply of real balances equals the demand for real balances.</p><br><p>The equilibrium <span class ="italics">r</span> is determined by the intersection of the two curves. </p><p>The LM curve is derived from the theory of Liquidity Preference by varying income (<span class ="italics">Y<span>). </p><br><p><table style="width:50%; margin-top:-108px;"><tr><td>Higher <span class ="italics">Y</span>  =</td><td>r must rise so that demand for (<span class ="italics">M/P</span>) continues<br> to equal the (fixed) supply of (<span class ="italics">M/P</span>).</td></tr></p><br><p> This implies that <span class ="italics">r</span> and <span class ="italics">Y</span> are positively related.</p><p> A change in <span class ="italics">M</span> or <span class ="italics">P</span> shifts the supply of (<span class ="italics">M/P</span>) at every level of <span class ="italics">Y</span>, resulting in a shift of the LM curve.</p>
     ]]></htmlData>
	</section>
	<section title="IS model" id="Graph01" type="graphContent">
            <description><![CDATA[<p>Baseline values show the initial conditions of the economy. To see the effect of a policy change, move the sliders.</p> <p>For questions about this exercise, see the Quiz below the model. To change this exercise's parameters, click on Parameters. There are different questions and parameters for IS and LM.</p>]]></description>
            <rangeOptions id="intro">
                <options>
                    <title><![CDATA[Marginal Propensity to Consume]]></title>
                    <minLimit>0.40</minLimit>
                    <maxLimit>0.80</maxLimit>
                    <stepLimit>0.01</stepLimit>
                    <value>0.60</value>
                 </options>
                <options>
                    <title><![CDATA[Interest Elasticity of Investment Demand]]></title>
                    <minLimit>-3.50</minLimit>
                    <maxLimit>-2.50</maxLimit>
                     <stepLimit>0.10</stepLimit>
                     <value>-3.00</value>
                </options>
            </rangeOptions>
            <exogenousrange id="exogenousRange">
                <options>
                    <title><![CDATA[Goverment Spending ($ bil)]]></title>
                    <minLimit>650</minLimit>
                    <maxLimit>1350</maxLimit>
                    <stepLimit>10</stepLimit>
                     <value>1000</value>
                </options>
                <options>
                    <title><![CDATA[Taxes ($ bil)]]></title>
                    <minLimit>650</minLimit>
                    <maxLimit>1350</maxLimit>
                     <stepLimit>10</stepLimit>
                      <value>1000</value>
                </options>
               
            </exogenousrange>
            
            <exogenousOptions id="exogenousInput">
                <options>
                    <title><![CDATA[Y]]></title>
                    <minLimit>3875</minLimit>
                 </options>
                <options>
                    <title><![CDATA[I]]></title>
                    <minLimit>1050</minLimit>
                  </options>
                 <options>
                    <title><![CDATA[Y]]></title>
                    <minLimit>1625</minLimit>
                  </options>
                  <options>
                    <title><![CDATA[I]]></title>
                    <minLimit>150</minLimit>
                  </options>
            </exogenousOptions>
	</section>
	<section title="LM model" id="Graph02" type="graphContentnew">
            
            <rangeOptions2 id="intro1">
                <options>
                    <title><![CDATA[Interest Elasticity of Money Demand]]></title>
                    <minLimit>-0.80</minLimit>
                    <maxLimit>-0.10</maxLimit>
                    <stepLimit>0.10</stepLimit>
                     <value>-0.50</value>
                </options>
                <options>
                    <title><![CDATA[Output Elasticity of Money Demand]]></title>
                    <minLimit>0.80</minLimit>
                    <maxLimit>1.20</maxLimit>
                     <stepLimit>0.10</stepLimit>
                      <value>1.00</value>
                </options>
            </rangeOptions2>
            <exogenousrange2 id="exogenousRange1">
                <options>
                    <title><![CDATA[Money Supply ($ bil)]]></title>
                    <minLimit>650</minLimit>
                    <maxLimit>850</maxLimit>
                    <stepLimit>5</stepLimit>
                     <value>750</value>
                </options>
                <options>
                    <title><![CDATA[Price Level]]></title>
                    <minLimit>0.50</minLimit>
                    <maxLimit>1.50</maxLimit>
                     <stepLimit>0.10</stepLimit>
                      <value>1.00</value>
                </options>
               
            </exogenousrange2>
         
             <exogenousOptions2 id="exogenousInput1">
                <options>
                    <title><![CDATA[r]]></title>
                    <minLimit>6.40</minLimit>
                 </options>
                <options>
                    <title><![CDATA[r]]></title>
                    <minLimit>9.60</minLimit>
                  </options>
                
            </exogenousOptions2>
	</section>
</activity>