<?xml version="1.0" encoding="UTF-8"?>
<activity>
    <heading><![CDATA[The Mundell - Fleming Model]]></heading>
    <heading><![CDATA[The Mundell - Fleming Model]]></heading>
    <question><![CDATA[]]></question>
    <section title="Explanation" id="Explanation" type="content">
        <htmlData>
			<![CDATA[
                        <p>This simulation uses the Mundell-Fleming model to illustrate how government policies and shocks affect a small open economy. When you change these variables, the computer shifts the <span class="italics">IS*</span> and <span class="italics">LM*</span> curves and calculates the new values of the other variables in the model.</p><br><p>This version of the Mundell-Fleming model describes the behavior of a small country that trades with other countries. The model consists of three basic equations: </p>
  <span class="highlighter italics">1. Y = C(Y - T) + I(r) + G + NX(e)</span><br>
  <p>Output equals the sum of consumption, investment, government spending, and net exports.</p>
   <span class="highlighter italics"> 2. M/P = L(r, Y)</span><br>
   <p>The demand for real money balances is related to interest rates and output</p>
   <span class="highlighter italics">3. r = r*</span><br>
   <p>The domestic interest rate equals the world interest rate.</p>
   <p>The two curves are based on the three equations above. </p>
   <p style = "margin-bottom:1px;">The <span class="italics">IS*</span> curve is derived from equation 1. <p class = "pClass">When <span class="italics">e</span> is high, <span class="italics">NX</span> is low. Consequently <span class="italics">Y</span> is low.</p><p class = "pClass">Therefore, the <span class="italics">IS*</span> curve slopes downward.</p><br> the <span class="italics">LM*</span> curve is derived from equations 2 & 3. <p class = "pClass">The demand for money is NOT related to <span class="italics">e</span>.</p> <p class = "pClass">Therefore the <span class="italics">LM*</span> curve is a vertical line.</p></p>
   <p>The intersection of the two curves determines the equilbrium values of <span class="italics">e</span> and <span class="italics">Y</span>. </p>
   <p>The effects of government policy predicted by the Mundell-Fleming model depend on whether exchange rates are fixed or floating. </p>
   <p>With FLOATING exchange rates,<br> 1. a change is <span class="italics">G</span> or <span class="italics">T</span> will shift <span class="italics">IS*</span> and change e but not Y.<br> 2. a change in <span class="italics">M</span> will shift <span class="italics">LM*</span> and change both <span class="italics">e</span> and <span class="italics">Y</span>.</p>
   <p>With FIXED exchange rates,<br> 1. a change in <span class="italics">G</span> or <span class="italics">T</span> will shift BOTH <span class="italics">IS*</span> and <span class="italics">LM*</span> (M changes to keep <span class="italics">e</span> constant). The government cannot control <span class="italics">M</span> independently. </p>
   <p>The Parameters for this exercise are:<p class = "pClass"><span> MPC </span><span style = "padding-left:41px;">Marginal Propensity to Consume</span></p><p class = "pClass"> <span>IEMD </span><span style = "padding-left:37px;">Interest Elasticity of Money Demand</span></p><p class = "pClass"><span>OEMD</span> <span style = "padding-left:28px;">Output Elasticity of Money Demand</span></p> <p class = "pClass"><span>IEID</span> <span style = "padding-left:45px;">Interest Elasticity of Investment Demand</span></p><p class = "pClass"><span> ERS NX</span><span style = "padding-left:25px;">Exchange Rate Sensitivity of Net Exports</span></p> </p>
   <p>In this exercise you can switch between a floating and a fixed exchange rate regime with the main tabs in the upper left. When you switch regimes, all variables are reset. 
</p>
       
     ]]></htmlData>
    </section>
    <section title="Floating" id="Graph01" type="graphContent">
        <description><![CDATA[<p>Baseline values show the initial conditions of the economy. To see the effect of a policy change or a shock, move the sliders.</p><p>To switch between floating and fixed exchange rate regimes, click on the tabs.</p><p> For questions about this exercise, see the Quiz below the model. To change this exercise's parameters, click on Parameters. </p>]]></description>
        <rangeOptions id="intro">
            <options>
                <title><![CDATA[MPC]]></title>
                <minLimit>0.70</minLimit>
                <maxLimit>0.80</maxLimit>
                <stepLimit>0.01</stepLimit>
                <value>0.75</value>
            </options>
            <options>
                <title><![CDATA[IEMD]]></title>
                <minLimit>-0.12</minLimit>
                <maxLimit>-0.08</maxLimit>
                <stepLimit>0.01</stepLimit>
                 <value>-0.10</value>
            </options>
             <options>
                <title><![CDATA[OEMD]]></title>
                <minLimit>0.80</minLimit>
                <maxLimit>1.20</maxLimit>
                <stepLimit>0.01</stepLimit>
                 <value>1.00</value>
            </options>
            <options>
                <title><![CDATA[IEID]]></title>
                <minLimit>-3.50</minLimit>
                <maxLimit>-0.50</maxLimit>
                <stepLimit>0.10</stepLimit>
                 <value>-1.50</value>
            </options>
             <options>
                <title><![CDATA[ERS NX]]></title>
                <minLimit>-440</minLimit>
                <maxLimit>-320</maxLimit>
                <stepLimit>10</stepLimit>
                 <value>-380</value>
            </options>
        </rangeOptions>
        <exogenousrange id="exogenousRange">
            
            <options>
                <title><![CDATA[Government Spending ($ bill)]]></title>
                <minLimit>1000</minLimit>
                <maxLimit>1400</maxLimit>
                <stepLimit>10</stepLimit>
                <value>1200</value>
            </options>
            <options>
                <title><![CDATA[Taxes ($ bill)]]></title>
                 <minLimit>1000</minLimit>
                <maxLimit>1400</maxLimit>
                <stepLimit>10</stepLimit>
                <value>1200</value>
            </options>
            <options>
                <title><![CDATA[r* World Real Interest Rate (%)]]></title>
                <minLimit>7.00</minLimit>
                <maxLimit>9.00</maxLimit>
                <stepLimit>0.01</stepLimit>
                 <value>8.00</value>
            </options>
            <options>
                <title><![CDATA[Money Supply ($ bil)]]></title>
                <minLimit>600</minLimit>
                <maxLimit>900</maxLimit>
                <stepLimit>10</stepLimit>
                 <value>750</value>
            </options>
        </exogenousrange>
        <shockRange id="shockRange">
             <options>
                <title><![CDATA[Consumption]]></title>
                <minLimit>-80</minLimit>
                <maxLimit>80</maxLimit>
                <stepLimit>10</stepLimit>
                <value>0</value>
            </options>
             <options>
                <title><![CDATA[Investment]]></title>
                <minLimit>-80</minLimit>
                <maxLimit>80</maxLimit>
                <stepLimit>10</stepLimit>
                <value>0</value>
            </options>
              <options>
                <title><![CDATA[Net Exports]]></title>
                 <minLimit>-80</minLimit>
                <maxLimit>80</maxLimit>
                <stepLimit>10</stepLimit>
                <value>0</value>
            </options>
             <options>
                <title><![CDATA[Money Demand]]></title>
               <minLimit>-80</minLimit>
                <maxLimit>80</maxLimit>
                <stepLimit>10</stepLimit>
                <value>0</value>
            </options>
        </shockRange>
        <exogenousOptions id="exogenousInput">
            <options>
                <title><![CDATA[e]]></title>
                <minLimit>1.00</minLimit>
            </options>
            <options>
                <title><![CDATA[Y]]></title>
                <minLimit>5000</minLimit>
            </options>
            <options>
                <title><![CDATA[C]]></title>
                <minLimit>3100</minLimit>
            </options>
            <options>
                <title><![CDATA[I]]></title>
                <minLimit>700</minLimit>
            </options>
            <options>
                <title><![CDATA[NX]]></title>
                <minLimit>0</minLimit>
            </options>
          </exogenousOptions>
    </section>
    
     <section title="Fixed" id="Graph02" type="graphContent">
        <description><![CDATA[<p>Baseline values show the initial conditions of the economy. To see the effect of a policy change or a shock, move the sliders.</p><p>To switch between floating and fixed exchange rate regimes, click on the tabs.</p><p> For questions about this exercise, see the Quiz below the model. To change this exercise's parameters, click on Parameters. </p>]]></description>
        <rangeOptions id="intro">
            <options>
                <title><![CDATA[MPC]]></title>
                <minLimit>0.70</minLimit>
                <maxLimit>0.80</maxLimit>
                <stepLimit>0.01</stepLimit>
                <value>0.75</value>
            </options>
            <options>
                <title><![CDATA[IEMD]]></title>
                <minLimit>-0.12</minLimit>
                <maxLimit>-0.08</maxLimit>
                <stepLimit>0.01</stepLimit>
                 <value>-0.10</value>
            </options>
             <options>
                <title><![CDATA[OEMD]]></title>
                <minLimit>0.80</minLimit>
                <maxLimit>1.20</maxLimit>
                <stepLimit>0.01</stepLimit>
                 <value>1.00</value>
            </options>
            <options>
                <title><![CDATA[IEID]]></title>
                <minLimit>-3.50</minLimit>
                <maxLimit>-0.50</maxLimit>
                <stepLimit>0.10</stepLimit>
                 <value>-1.50</value>
            </options>
             <options>
                <title><![CDATA[ERS NX]]></title>
                <minLimit>-440</minLimit>
                <maxLimit>-320</maxLimit>
                <stepLimit>10</stepLimit>
                 <value>-380</value>
            </options>
        </rangeOptions>
        <exogenousrange id="exogenousRange">
            
            <options>
                <title><![CDATA[Government Spending ($ bill)]]></title>
                <minLimit>1000</minLimit>
                <maxLimit>1400</maxLimit>
                <stepLimit>10</stepLimit>
                <value>1200</value>
            </options>
            <options>
                <title><![CDATA[Taxes ($ bill)]]></title>
                 <minLimit>1000</minLimit>
                <maxLimit>1400</maxLimit>
                <stepLimit>10</stepLimit>
                <value>1200</value>
            </options>
            <options>
                <title><![CDATA[r* World Real Interest Rate (%)]]></title>
                <minLimit>7.00</minLimit>
                <maxLimit>9.00</maxLimit>
                <stepLimit>0.01</stepLimit>
                 <value>8.00</value>
            </options>
            <options>
                <title><![CDATA[Exchange Rate(Index)]]></title>
                <minLimit>0.50</minLimit>
                <maxLimit>1.50</maxLimit>
                <stepLimit>0.10</stepLimit>
                 <value>1.00</value>
            </options>
        </exogenousrange>
        <shockRange id="shockRange">
             <options>
                <title><![CDATA[Consumption]]></title>
                <minLimit>-80</minLimit>
                <maxLimit>80</maxLimit>
                <stepLimit>10</stepLimit>
                <value>0</value>
            </options>
             <options>
                <title><![CDATA[Investment]]></title>
                <minLimit>-80</minLimit>
                <maxLimit>80</maxLimit>
                <stepLimit>10</stepLimit>
                <value>0</value>
            </options>
              <options>
                <title><![CDATA[Net Exports]]></title>
                 <minLimit>-80</minLimit>
                <maxLimit>80</maxLimit>
                <stepLimit>10</stepLimit>
                <value>0</value>
            </options>
             <options>
                <title><![CDATA[Money Demand]]></title>
               <minLimit>-80</minLimit>
                <maxLimit>80</maxLimit>
                <stepLimit>10</stepLimit>
                <value>0</value>
            </options>
        </shockRange>
        <exogenousOptions id="exogenousInput">
            <options>
                <title><![CDATA[M]]></title>
                <minLimit>750</minLimit>
            </options>
            <options>
                <title><![CDATA[Y]]></title>
                <minLimit>5000</minLimit>
            </options>
            <options>
                <title><![CDATA[C]]></title>
                <minLimit>3100</minLimit>
            </options>
            <options>
                <title><![CDATA[I]]></title>
                <minLimit>700</minLimit>
            </options>
            <options>
                <title><![CDATA[NX]]></title>
                <minLimit>0</minLimit>
            </options>
          </exogenousOptions>
    </section>
</activity>

