<?xml version="1.0" encoding="UTF-8"?>
<activity>
    <heading><![CDATA[The Life Cycle Consumption Model]]></heading>
    <question><![CDATA[]]></question>
    <section title="Explanation" id="Explanation" type="content">
        <htmlData>
			<![CDATA[
                       <p>In this exercise, you will explore the life-cycle model of consumption. There are two independent parts of this exercise. </p><br>
<p><b>Part 1</b></p> 
<p>In the first part, the computer selects a lifetime pattern of wages for you. (The computer selects one randomly out of four possible scenarios every time the "part 1" tab is clicked). Given the wage pattern, you try to select a consumption path that is as smooth as possible.</p><br>
 <p>On the data entry table screen, there are 12 rows, each containing information about one period of your life. There are five columns of data :</p>
<p>Age: your age<br> Wealth: your wealth at the start of the period<br> Interest: the interest income you received at the start of the period<br> Wage: the wage income you received at the start of the period<br> Consumption: your consumption in the period</p> 
<p>You choose consumption for each period and the computer will calculate wealth and interest income.</p>
<p>The interest rate is fixed at 3.00%. The interest rate determines interest income. Higher interest rates imply a saving return and a higher cost of 
dissaving. </p>

<p>Consumption is not limited by income. You may consume less than your income (and save) or consume more than your income (and dissave).</p>
<P> You have two goals:<br> 1. Select a consumption path that is as flat as possible.<br> 2. Complete your life with as little wealth as possible. You are not permitted to die with negative wealth (in debt). </p>

<p><b>Part 2</b></p>  
<p>In the second part of the exercise, you will be able to observe how changes in the path of your wages and in the interest rate affect optimal consumption.</p>
 <p>The table contains information about wages, consumption, interest income, and wealth for each period of your life. You may change your wages or the interest rate, and the computer will recalculate your optimal level of consumption. If you consume at the optimal level, your consumption will be smooth over your lifetime and you will have no wealth left over when you complete your life.</p>
<p> A graph of the data is available by clicking on Go To Graph. Since optimal consumption is smooth, it will appear as a straight horizontal line. Areas where wages are higher than consumption represent saving. Areas where wages are lower than consumption represent dissaving.</p> 
<p>In this part, you may change the interest rate. A change affects interest income. If the interest rate is higher, there is a higher return to saving and a higher cost of dissaving.</p>
<p> In the graphs you will see in both parts, green represents your wages. Bright green areas are when your wages were greater than your consumption. Red represents consumption: bright red areas are when your consumption was greater than your wages. 
</p>


     ]]></htmlData>
    </section>
    <section title="Part 1" id="Graph01" type="sliderContent">
        <options>
            <option range=" 40">
                <set>
                    <description><![CDATA[You start work at age 20, earning $25,000 a year. you stay at the same job, at the same wage, through age 64. you spend the last 15 years of your life retired. ]]></description>
                </set>
                <set type="table">
                    <description><![CDATA[Type in how much wealth you will consume in each period. The computer will calculate how much of your wealth remains and interest income. <br> You have two goals: <ol><li> Select a consumption path that is as flat as possible. In other words, try to consume the same amount in each period.</li><li>Complete your life with as little wealth as possible. Any money you leave behind gets passed on to your ungrateful heirs. You are not permitted to die with negative wealth (in debt). </li></ol>]]></description>
                    <wages>25000,25000,25000,25000,25000,25000,25000,25000,25000,0,0,0</wages>
                    <consumption>10000,12000,15000,16000,700,
                        18000,
                        25000,
                        1000,
                        2000,
                        3000,
                        15000,
                        16000
                    </consumption>
                </set>
                <set>
                    <description><![CDATA[Here is a graph of the table you just completed. Green represents your wages: bright green areas are when your wages were greater than your consumption. Red represents consumption: bright red areas are when your consumption was greater than your wages. 
<br>To start over, please click on the "part 1" tab. ]]></description>
                </set>
            </option>
            <option range="300">
                <set>
                    <description><![CDATA[At age 20, you are drafted by the New York Giants. For ten years you make $250,000 per year. At age 30, your knees give out, and you spend the rest of your life retired, living off of your savings.]]></description>
                </set>
                <set type="table">
                    <description><![CDATA[Type in how much wealth you will consume in each period. The computer will calculate how much of your wealth remains and interest income. <br> You have two goals: <ol><li> Select a consumption path that is as flat as possible. In other words, try to consume the same amount in each period.</li><li>Complete your life with as little wealth as possible. Any money you leave behind gets passed on to your ungrateful heirs. You are not permitted to die with negative wealth (in debt). </li></ol>]]></description>
                    <wages>250000,250000,0,0,0,0,0,0,0,0,0,0</wages>
                     <consumption>25000,
30000,
15000,
16546,
26454,
26454,
2464,
465,
2645,
26450,
23546,
16000

                    </consumption>
                </set>
                <set>
                    <description><![CDATA[Here is a graph of the table you just completed. Green represents your wages: bright green areas are when your wages were greater than your consumption. Red represents consumption: bright red areas are when your consumption was greater than your wages. 
<br>To start over, please click on the "part 1" tab. ]]></description>
                </set>
            </option>
            <option range="125"> 
                <set>
                    <description><![CDATA[At age 20, you take a job in the family business. You spend the next 35 years learning your way around the company in a series of low wage jobs. Finally, at age 55, you are made president of the company. You keep your job (at a salary of $100,000 per year) until you die.  
]]></description>
                </set>
                <set type="table">
                    <description><![CDATA[Type in how much wealth you will consume in each period. The computer will calculate how much of your wealth remains and interest income. <br> You have two goals: <ol><li> Select a consumption path that is as flat as possible. In other words, try to consume the same amount in each period.</li><li>Complete your life with as little wealth as possible. Any money you leave behind gets passed on to your ungrateful heirs. You are not permitted to die with negative wealth (in debt). </li></ol>]]></description>
                    <wages>10000,
10000,
10000,
10000,
10000,
10000,
10000,
100000,
100000,
100000,
100000,
100000,
</wages>
 <consumption>25000,
1000,
15000,
16546,
26454,
26454,
2464,
465,
105645,
26450,
23546,
16000
</consumption>
                </set>
                <set>
                    <description><![CDATA[Here is a graph of the table you just completed. Green represents your wages: bright green areas are when your wages were greater than your consumption. Red represents consumption: bright red areas are when your consumption was greater than your wages. 
<br>To start over, please click on the "part 1" tab.]]></description>
                </set>
            </option>
            <option range="60">
                <set>
                    <description><![CDATA[You spend the first two periods of your life (age 20-29) finishing your education. At age 30 you begin working, earning $35,000 a year. Your wage rises steadily, peaking at $50,000 at age 60. You spend the last 15 years of your life retired.
]]></description>
                </set>
                <set type="table">
                    <description><![CDATA[Type in how much wealth you will consume in each period. The computer will calculate how much of your wealth remains and interest income. <br> You have two goals: <ol><li> Select a consumption path that is as flat as possible. In other words, try to consume the same amount in each period.</li><li>Complete your life with as little wealth as possible. Any money you leave behind gets passed on to your ungrateful heirs. You are not permitted to die with negative wealth (in debt). </li></ol>]]></description>
                    <wages>0,0,35000,37500,40000,42500,45000,47500,50000,0,0,0</wages>
                     <consumption>0,
0,
15000,
16546,
26454,
26454,
2464,
465,
55645,
26450,
23546,
16000
  </consumption>
                </set>
                <set>
                    <description><![CDATA[Here is a graph of the table you just completed. Green represents your wages: bright green areas are when your wages were greater than your consumption. Red represents consumption: bright red areas are when your consumption was greater than your wages. 
<br>To start over, please click on the "part 1" tab.]]></description>
                </set>
            </option>
        </options> 
    </section>
    
    <section title="Part 2" id="Graph02" type="graphContent">
        <description><![CDATA[<p>Above is a table that contains information about wages, consumption, interest income, and wealth for each period of your life. You may change your wages and the interest rate and the computer will change your optimal level of consumption. Click on Go To Graph to see this data in graph form. Click on Question numbers for the questions. Change the interest rate with the slider at right. </p>]]></description>
        <rangeOptions id="intro">
            <options>
                <title><![CDATA[Interest Rate (%)]]></title>
                <minLimit>0.10</minLimit>
                <maxLimit>8.00</maxLimit>
                <stepLimit>0.10</stepLimit>
                <value>3.00</value>
            </options>
           
        </rangeOptions>
    </section>
</activity>

