<?xml version="1.0" encoding="UTF-8"?>
<activity>
    <heading><![CDATA[The IS - LM Model]]></heading>
    <question><![CDATA[]]></question>
    <section title="Explanation" id="Explanation" type="content">
        <htmlData>
			<![CDATA[
        <p>This exercise demonstrates how government policies and shock alter output in the short run. A simulation of the IS-LM model shows the effects of changes in the variables of the model. A graph of the IS and LM curves shows the shifts that occur when there is a change in government policy or a shock to the economy.</p>

<p>The IS curve is derived from the national income accounts identity:</p>
<p class="highlighter italics">Y = C(Y - T) + I(r) + G</p>
<p>where</p>
<p class = "pClass"><span class="italics">Y</span> is output</p>
<p class = "pClass"><span class="italics">C</span> is consumption</p>
<p class = "pClass"><span class="italics">I</span> is investment</p>
<p class = "pClass"><span class="italics">G</span> is government spending</p>
<p class = "pClass"><span class="italics">T</span> is taxes</p>
<p class = "pClass"><span class="italics">r</span> is the interest rate</p>
<br>
<p>
This implies that <span class="italics">Y</span> and <span class="italics">r</span> are negatively correlated: if r is high, planned investment is low, so <span class="italics">Y</span> is low.</p>
<p>The LM curve is derived from the money market equilibrium condition:
</p>
<p class="highlighter italics">M/P = L(r, Y)</p>
<p>where</p>
<p class = "pClass"><span class="italics">M</span> is the money supply</p>
<p class = "pClass"><span class="italics">P</span> is the price level</p>
<p class = "pClass"><span class="italics">L</span> is money demand</p>
<p class = "pClass"><span class="italics">r</span> is the interest rate</p>
<p class = "pClass"><span class="italics">Y</span> is output</p>
<br>
    <p>This implies that <span class="italics">r</span>  and <span class="italics">Y</span> are positively related: at higher levels of <span class="italics">r</span>, <span class="italics">Y</span> must be higher in order for money demand to equal money supply.</p>
    
    <p>In summary, the IS-LM model has two components:</p>
    
    <p class = "subSec pClass2">A downward sloping IS curve representing pairs of <span class="italics">Y</span> and <span class="italics">r</span> for which the goods market is in equilibrium.</p>
    
    <p class = "subSec pClass2">An upward sloping LM curve representing pairs of <span class="italics">Y</span> and <span class="italics">r</span> for which the money market is in equilibrium.</p>
    <p class = "pClass0">This simulation uses the IS-LM model to calculate how <span class="italics">Y, C, I</span> and <span class="italics">r</span> respond to changes in policy and shocks. It will also show how the IS and LM curves will shift.</p>
    <p class = "pClass3">The IS curve will shift in response to:</p>
    <p class = "pClass">changes in government spending</p>
<p class = "pClass">changes in taxes</p>
<p class = "pClass">shocks to investment </p>
<p class = "pClass1">shocks to consumption</p>
    
    <p style = "margin-bottom:4px;">The LM curve will shift in response to:</p>
    <p class = "pClass">changes in the money supply</p>
    <p class = "pClass">shocks to money demand</p>
     ]]></htmlData>
    </section>
    <section title="Graph" id="Graph01" type="graphContent">
        <description><![CDATA[<p>Baseline values show the initial conditions of the economy. To see the effect of a policy change or a shock, move the sliders.</p><p>For questions about this exercise, see the Quiz below the model. To change this exercise's parameters, click on Parameters.</p>]]></description>
        <rangeOptions id="intro">
            <options>
                <title><![CDATA[Marginal Propensity to consume]]></title>
                <minLimit>0.60</minLimit>
                <maxLimit>0.90</maxLimit>
                <stepLimit>0.01</stepLimit>
                <value>0.75</value>
            </options>
            <options>
                <title><![CDATA[Interest Elasticity of Money Demand]]></title>
                <minLimit>-0.90</minLimit>
                <maxLimit>-0.10</maxLimit>
                <stepLimit>0.10</stepLimit>
                 <value>-0.50</value>
            </options>
            <options>
                <title><![CDATA[Output Elasticity of Money Demand]]></title>
                <minLimit>0.80</minLimit>
                <maxLimit>1.20</maxLimit>
                <stepLimit>0.01</stepLimit>
                 <value>1.00</value>
            </options>
            <options>
                <title><![CDATA[Interest Elasticity of Investment Demand]]></title>
                <minLimit>-5.50</minLimit>
                <maxLimit>-0.50</maxLimit>
                <stepLimit>0.10</stepLimit>
                 <value>-3.00</value>
            </options>
        </rangeOptions>
        <exogenousrange id="exogenousRange">
            <options>
                <title><![CDATA[Money Supply ($ bil)]]></title>
                <minLimit>650</minLimit>
                <maxLimit>850</maxLimit>
                <stepLimit>1</stepLimit>
                 <value>750</value>
            </options>
            <options>
                <title><![CDATA[Government Spending ($ bil)]]></title>
                <minLimit>800</minLimit>
                <maxLimit>1200</maxLimit>
                <stepLimit>10</stepLimit>
                 <value>1000</value>
            </options>
            <options>
                <title><![CDATA[Taxes ($ bil)]]></title>
                <minLimit>800</minLimit>
                <maxLimit>1200</maxLimit>
                <stepLimit>10</stepLimit>
                 <value>1000</value>
            </options>
        </exogenousrange>
        <shockRange id="shockRange">
            <options>
                <title><![CDATA[Investment ($ bil)]]></title>
                <minLimit>-200</minLimit>
                <maxLimit>200</maxLimit>
                <stepLimit>10</stepLimit>
                 <value>0</value>
            </options>
            <options>
                <title><![CDATA[Consumption ($ bil)]]></title>
                <minLimit>-200</minLimit>
                <maxLimit>200</maxLimit>
                <stepLimit>10</stepLimit>
                 <value>0</value>
            </options>
             <options>
                <title><![CDATA[Money Demand ($ bil)]]></title>
                <minLimit>-100</minLimit>
                <maxLimit>100</maxLimit>
                <stepLimit>10</stepLimit>
                 <value>0</value>
            </options>
        </shockRange>
        <exogenousOptions id="exogenousInput">
            <options>
                <title><![CDATA[Y]]></title>
                <minLimit>5000</minLimit>
            </options>
            <options>
                <title><![CDATA[r]]></title>
                <minLimit>8.00</minLimit>
            </options>
            <options>
                <title><![CDATA[I]]></title>
                <minLimit>750</minLimit>
            </options>
            <options>
                <title><![CDATA[C]]></title>
                <minLimit>3250</minLimit>
            </options>
        </exogenousOptions>
    </section>
</activity>

