<?xml version="1.0" encoding="UTF-8"?>
<activity>
    <heading><![CDATA[The AS-AD Model and the Phillips Curve]]></heading>
    <question><![CDATA[]]></question>
    <section title="Explanation" id="Explanation" type="content">
        <htmlData>
			<![CDATA[
        <p>This simulation of the AS-AD model allows you to explore the effects of different aggregate demand management policies and supply shocks. Beginning in the year 2001, you can change the growth rate of nominal GDP and see how real output, inflation, and unemployment respond. You can also introduce supply shocks to the economy. </p>
        
<p>The table on the middle of the right side has three columns. The column on the right contains data for the current year. The two columns to the left contain data for the previous two years. When you begin the exercise, the current year is 2001.</p>
<p>The table has six rows: </p>
<table style="width:40%">
  <tr>
    <td>Expected Inflation</td>
    <td>(percent)</td> 
   </tr>
  <tr>
    <td>Supply Shock</td>
    <td>(percent)</td> 
  </tr>
  <tr>
    <td>Nominal GDP Growth</td>
    <td>(percent)</td> 
  </tr>
  <tr>
    <td>Inflation Rate</td>
    <td>(percent)</td> 
  </tr>
  <tr>
    <td>Unemployment Rate</td>
    <td>(percent)</td> 
  </tr>
  <tr>
    <td>Output</td>
    <td>(billions of constant dollars)</td> 
  </tr>
</table><br>
<p>You must enter values for nominal GDP growth in sequence. That is, you begin by entering a value for 2001, then enter a value for 2002, and so on until you reach the final year, 2010.</p>

<p>To enter a value of nominal GDP growth for the current year, click your mouse in the white box and type in a number between -10.00 and 15.00 and press Enter. If nominal GDP remains unchanged from year to year, simply continue to press the Enter button.</p>

<p>After you enter a value for nominal GDP growth, values for unemployment, inflation, and output are calculated for that year and the next year becomes the current year. </p>

<p>You may introduce a supply shock to the economy in any year before you set the growth rate of nominal GDP for that year. Introducing a supply shock changes the position of the aggregate supply curve and the Phillips curve for that year. </p>

<p>The supply shock is in percent and a positive value for the supply shock adversely affects the economy. </p>
<p>To enter a supply shock, click your mouse in the corresponding white box and type a number between -10.00 and 10.00. Then Tab down to the next box to enter nominal GDP for that year, and hit Enter. Supply shock resets after each year. </p>

<p>In the Graph tab, there are two graphs: <br>(1) a graph showing AS and AD curves for the current and two previous years, and <br>(2) a graph showing Phillips curves for the current and two previous years.</p>

<p> As shown in the AS/AD diagram, the growth rate of nominal GDP that you select affects the position of the AD curve. A supply shock in any given year will change the position of the AS curve and the Phillips curve for that year.</p>
<p> 
You also have the option of viewing time series graphs of unemployment and inflation. To see this information, click on the Diagram tab. The graphs will show you the paths of the unemployment and inflation rates over time since 1999. You may continue the exercise while viewing these graphs; clicking on the Diagram or Graph tabs does not reset the program. To switch back to the AS/AD and Phillips curve graphs, click on Graph. 
</p>
     ]]></htmlData>
    </section>
    <section title="Graph" id="Graph01" type="graphContent">
        <description><![CDATA[<p> Set nominal GDP for 2001 and successive years by mouse-clicking in the white box, typing a number, and hitting the Enter key. You may also introduce a supply shock in any year before setting the GDP. 
</p>]]></description>
        <rangeOptions id="exogenousRange">
            <options>
                <title><![CDATA[Enter in a Supply Shock (%) for the year]]></title>
                <minLimit>-10.00</minLimit>
                <maxLimit>10.00</maxLimit>
                    <value>0.00</value>
            </options>
            <options>
                <title><![CDATA[Enter in a Nominal GDP Growth (%) for the year]]></title>
                   <minLimit>-10.00</minLimit>
                <maxLimit>15.00</maxLimit>
                    <value>0.00</value>
           </options>
        </rangeOptions>
     </section>
    <section title="Diagram" id="Diagram" type="diagramContent"></section>
</activity>