<?xml version="1.0" encoding="UTF-8"?>
<activity>
    <heading><![CDATA[Equilibrium Interest Rate]]></heading>
    <question><![CDATA[]]></question>
    <section title="Explanation" id="Explanation" type="content">
        <htmlData>
			<![CDATA[
        <p>In this simulation of the National Income Model, you can observe the effects of
government policies and shocks to the economy. When you change one or more exogenous variables in the model, the computer shifts the <span class="italics">S</span> and <span class="italics">I</span> curves and calculates the new values for each endogenous variable.</p>

<p>The National Income Model presented in the textbook consists of 3 equations:</p>
<span class="highlighter italics">Y = C + I + G</span>
The demand for output <span class="italics">Y</span> equals consumption <span class="italics">C</span> plus investment <span class="italics">I</span> plus government purchases <span class="italics">G</span>.
<br><br><span class="highlighter italics">C = C(Y - T)</span>
Consumption depends on disposable income.
<br><br><span class="highlighter italics">I = I(r)</span>
Investment depends on the interest rate.<br><br>
These three equations can be combined to give a single condition for equilibrium in the economy:
<br><br><span class="highlighter italics">Y - C(Y - T) - G = I(r)</span>
or total saving = total investment.<br><br>
The exogenous variables of the model are<br><br>
   the level of output <span class="italics">Y</span> or GDP<br>
   the level of government purchases <span class="italics">G</span><br>
         the level of taxes <span class="italics">T</span></p>
<p>
The endogenous variables of the model are<br><br>
the level of consumption <span class="italics">C</span> <br>
the level of investment <span class="italics">I</span><br>
 the interest rate <span class="italics">r</span></p>
<br/>
<p>
The downward sloping curve labelled "<span class="italics">I</span>" shows the relation between the level of investment and the interest rate. The vertical curve labelled "<span class="italics">S</span>" shows the level of saving. The intersection of the two curves determined the equilibrium levels of investment and
the interest rate.</p>

<br/>
<p>
Any shock to the model that changes the level of saving shifts the "<span class="italics">S</span>" curve. Thus, changes in output, government spending, taxes, or a shock to the consumption function will shift the "<span class="italics">S</span>" curve.</p>
<br/>
<p>
Any shock to the economy that changes the level of investment at every interest rate will shift the "<span class="italics">I</span>" curve.</p>
</p>
     ]]></htmlData>
    </section>
    <section title="Graph" id="Graph01" type="graphContent">
        <description><![CDATA[<p>Baseline values show the initial conditions of the economy. To see the effect of a policy change or a shock, move the sliders.</p><p>For questions about this exercise, see the Quiz below the model.  To change this exercise's parameters, click on Parameters.</p>]]></description>
        <rangeOptions id="intro">
            <options>
                <title><![CDATA[Marginal Propensity to consume]]></title>
                <minLimit>0.60</minLimit>
                <maxLimit>0.90</maxLimit>
                <stepLimit>0.01</stepLimit>
            </options>
            <options>
                <title><![CDATA[Interest Elasticity of Investment Demand]]></title>
                <minLimit>-5.00</minLimit>
                <maxLimit>-1.00</maxLimit>
                <stepLimit>0.10</stepLimit>
            </options>
        </rangeOptions>
        <exogenousrange id="exogenousRange">
            <options>
                <title><![CDATA[Gross Domestic Product ($ bill)]]></title>
                <minLimit>4500</minLimit>
                <maxLimit>5500</maxLimit>
                <stepLimit>10</stepLimit>
            </options>
            <options>
                <title><![CDATA[Government Spending ($ bill)]]></title>
                <minLimit>750</minLimit>
                <maxLimit>1250</maxLimit>
                <stepLimit>10</stepLimit>
            </options>
            <options>
                <title><![CDATA[Taxes ($ bill)]]></title>
                <minLimit>750</minLimit>
                <maxLimit>1250</maxLimit>
                <stepLimit>10</stepLimit>
            </options>
        </exogenousrange>
        <shockRange id="shockRange">
            <options>
                <title><![CDATA[Investment ($ bill)]]></title>
                <minLimit>-200</minLimit>
                <maxLimit>200</maxLimit>
                <stepLimit>10</stepLimit>
            </options>
            <options>
                <title><![CDATA[Consumption ($ bill)]]></title>
                <minLimit>-200</minLimit>
                <maxLimit>200</maxLimit>
                <stepLimit>10</stepLimit>
            </options>
        </shockRange>
        <exogenousOptions id="exogenousInput">
            <options>
                <title><![CDATA[C]]></title>
                <minLimit>3250</minLimit>
            </options>
            <options>
                <title><![CDATA[I]]></title>
                <minLimit>750</minLimit>
            </options>
            <options>
                <title><![CDATA[r]]></title>
                <minLimit>8.00</minLimit>
            </options>
        </exogenousOptions>
    </section>
</activity>

