<?xml version="1.0" encoding="UTF-8"?>
<activity>
    <heading><![CDATA[The Baumol-Tobin Model of Money Demand]]></heading>
    <question><![CDATA[]]></question>
    <section title="Explanation" id="Explanation" type="content">
        <htmlData>
			<![CDATA[
        <p>This exercise demonstrates the Baumol-Tobin model of money demand. The exercise is divided into two independent parts.</p>

<p><b>Part 1 </b>is an examination of the money holding behavior of a real-world person: you.</p>

<p><b>Part 2 </b>is a simulation that allows you to observe how optimal money holdings change when the interest rate, the cost of time, the time it takes to go to the bank, or spending changes.</p>
     ]]></htmlData>
    </section>
    <section title="Part 1" id="sliderCont" type="mcqContent">
        <questionSet>
            <question><![CDATA[<p>To calculate your optimal cash-management scheme, we need some information about your current behavior. Since we want to know your average money holdings, we need to know how often you go to the bank, and how much you take out each time.</p><p>For the results, we will assume that you run down your cash balances in a straight line fashion, and that you completely run out of cash before you go to the bank.</p>]]></question>
            <options>
                <option disabled ="false"><![CDATA[Days between bank visits ]]></option>
                <option disabled="false"><![CDATA[Amount taken out each visit ]]></option>
                <option disabled="true"><![CDATA[Average money holdings]]></option>
                <option disabled="true"><![CDATA[Spending per day]]></option>
            </options>
            <footer><![CDATA[]]></footer>
        </questionSet>
        <questionSet>
            <question><![CDATA[Now let's figure out how much cash you should be taking out according to the Baumol- 
Tobin model. First, we need to figure out your cost of going to the bank.]]></question>
            <options>
                <option disabled="false"><![CDATA[How many minutes does it take you to get money (including travelling to and from the bank, standing in line, etc.)?]]></option>
                <option disabled="false"><![CDATA[What is the value of time to you in dollars per hour, or in 
other words, what is your opportunity cost of time? For example, enter your after-tax wage, or the amount 
that you would pay to save an hour of time.]]></option>
                <option disabled="true"><![CDATA[Given what you have said, the cost of one trip to the bank is:]]></option>
            </options>
            <footer><![CDATA[]]></footer>
        </questionSet>
        <questionSet>
            <question><![CDATA[Finally, we need some information to calculate your opportunity cost of holding cash. We need to know the interest rate you receive on your bank account.
]]></question>
            <options>
                <option disabled="false"><![CDATA[Interest rate on bank account in percent per year]]></option>
            </options>
            <footer><![CDATA[The next screen will:<p>1) Show you how much your current cash-management scheme costs you per year.</p><p>2) Allow you to find your optimal cash-management scheme. Simply enter 
  alternative values of days between visits until total cost per year is minimized.</p><p>
When you have found the optimal number of days between visits, you can compare your 
answers to the computer's.</p>]]></footer>
        </questionSet>
        <questionSet type="baseline">
            <options>
                <option yourbaseline="true" alternative="true"><![CDATA[Spending Per Day]]></option>
                <option yourbaseline="true" alternative="false"><![CDATA[Days Between Visits]]></option>
                <option yourbaseline="true" alternative="true"><![CDATA[Withdrawal Per Visit]]></option>
                <option yourbaseline="true" alternative="true"><![CDATA[Avg. Cash Holdings]]></option>
                <option yourbaseline="true" alternative="true"><![CDATA[ Interest Rate]]></option>
                <option yourbaseline="true" alternative="true"><![CDATA[Foregone Int. Per Year]]></option>
                <option yourbaseline="true" alternative="true"><![CDATA[ Bank Visits Per Year]]></option>
                <option yourbaseline="true" alternative="true"><![CDATA[ Cost of Visits Per Year]]></option>
                <option yourbaseline="true" alternative="true"><![CDATA[Total Cost Per Year]]></option>
            </options>
        </questionSet>
        <questionSet>
            <question><![CDATA[]]></question>
            <options>
                <option disabled="false"><![CDATA[What did you calculate as the optimal number of days between visits to the bank?]]></option>
            </options>
            <footer><![CDATA[]]></footer>
        </questionSet>
    </section>
    <section title="Part 2" id="Graph02" type="graphContent">
        <description><![CDATA[<p>Baseline values show initial optimal behavior. Move the sliders to enter new alternative values for the variables, and the computer will calculate the new optimal behavior.</p><p>For questions about this exercise, see the Quiz below the model.</p>]]></description>
        <exogenousrange id="exogenousRange">
            <options>
                <title><![CDATA[Cost Per Hour of Time ($)]]></title>
                <minLimit>1</minLimit>
                <maxLimit>50</maxLimit>
                <stepLimit>1</stepLimit>
                <value>4</value>
            </options>
            <options>
                <title><![CDATA[Minutes Per Bank Visit]]></title>
                <minLimit>1</minLimit>
                <maxLimit>60</maxLimit>
                <stepLimit>1</stepLimit>
                 <value>15</value>
            </options>
            <options>
                <title><![CDATA[Spending Per Day ($)]]></title>
                <minLimit>10</minLimit>
                <maxLimit>1000</maxLimit>
                <stepLimit>10</stepLimit>
                 <value></value>
            </options>
            <options>
                <title><![CDATA[Interest Rate (%)]]></title>
                <minLimit>2.00</minLimit>
                <maxLimit>12.00</maxLimit>
                <stepLimit>0.10</stepLimit>
                 <value>7.00</value>
            </options>
        </exogenousrange>
       
        <exogenousOptions id="exogenousInput">
            <options>
                <title><![CDATA[Days Bet. Bank Visits ]]></title>
                <minLimit>32.29</minLimit>
            </options>
            <options>
                <title><![CDATA[Withdrawal Per Visit ($)]]></title>
                <minLimit>323</minLimit>
            </options>
            <options>
                <title><![CDATA[Avg Cash Holdings ($)]]></title>
                <minLimit>161.50</minLimit>
            </options>
            <options>
                <title><![CDATA[Foregone Interest/Year ($)]]></title>
                <minLimit>11.31</minLimit>
            </options>
            <options>
                <title><![CDATA[Bank Visits Per Year]]></title>
                <minLimit>11.30</minLimit>
            </options>
            <options>
                <title><![CDATA[Cost of Visit ($)]]></title>
                <minLimit>11.30</minLimit>
            </options>
            <options>
                <title><![CDATA[Total Cost Per Year ($)]]></title>
                <minLimit>22.61</minLimit>
            </options>
        </exogenousOptions>
    </section>
</activity>

