<?xml version="1.0" encoding="UTF-8"?>
<activity>
    <heading><![CDATA[Model of the Open Economy]]></heading>
    <question><![CDATA[]]></question>
    <section title="Explanation" id="Explanation" type="content">
        <htmlData>
			<![CDATA[
        <p>In this simulation of the open economy model, you can observe how a small open economy reposnds to changes in saving, the world interest rate, and shocks to investment and net export demand. <p> The national income accounts identity for an open economy is: <br><p class="italics" style = "color:red"><b>Y = C + I + G + NX .</b></p>Since national saving is defined as:</p><p class="italics" style = "color:red"><b>S = Y - C - G</b><br></p>the first expression may be rewritten as:<p class="italics" style = "color:red"><br><b>NX = S - I .</b></p><p>Assuming that investment in a small open economy is a function of the world interest rate (<span class="italics">r*</span>) and net export demand depends on the real exchange rate, the equilibirum condition for the model is:</p><p style = "color:red" class="italics"><b>NX (ε) = S - I(r*)</b></p>

<p>A change in saving (<span class="italics">S</span>) or <span class="italics">r*</span>, or a shock to net export demand or investment demand will change investment, net exports, and the real exchange rate. The simulation that follows will illustrate these effects. </p></p>Most of the questions ask you to enter an alternative value for one of the exogenous variables and see how the economy responds. Use the sliders to change the exogenous variables. The baseline starting values for the exogenous variables are in light grey directly beneath the sliders.</p><p>Some of the more difficult questions may ask you to change the parameters of the model (the interest elasticity of investment and the exchange rate sensitivity of <span class="italics">NX</span>). Click on the word "Parameters" in the gold bar to access the sliders to change the parameters. The computer will recalculate BOTH the baseline and alternative values of the variables based on the new values of the parameters. The curves will also change to reflect the new parameters.</p>
     ]]></htmlData>
    </section>
    <section title="Graph" id="Graph01" type="graphContent">
        <description><![CDATA[<p>Baseline values show the initial conditions of the economy. To see the effect of a policy change or a shock, move the sliders. </p> <p>For questions about this exercise, see the Quiz below the model. To change the exercise's Parameters click on parameters.</p>]]></description>
        <rangeOptions id="intro">
            <options>
                <title><![CDATA[Interest Elasticity of Investment Demand]]></title>
                <minLimit>-3.50</minLimit>
                <maxLimit>-2.50</maxLimit>
                <stepLimit>0.01</stepLimit>
            </options>
            <options>
                <title><![CDATA[Sensitivity of Net Exports to the Exchange Rate]]></title>
                <minLimit>-440</minLimit>
                <maxLimit>-320</maxLimit>
                <stepLimit>10</stepLimit>
            </options>
        </rangeOptions>
        <exogenousrange id="exogenousRange">
            <options>
                <title><![CDATA[National Savings Level ($ bil)]]></title>
                <minLimit>650</minLimit>
                <maxLimit>850</maxLimit>
                <stepLimit>10</stepLimit>
            </options>
            <options>
                <title><![CDATA[r<sup>*</sup> World Real Interest Rate (%)]]></title>
                <minLimit>7.50</minLimit>
                <maxLimit>8.50</maxLimit>
                <stepLimit>0.01</stepLimit>
            </options>
            
        </exogenousrange>
        <shockRange id="shockRange">
            <options>
                <title><![CDATA[Investment ($ bil)]]></title>
                <minLimit>-150</minLimit>
                <maxLimit>150</maxLimit>
                <stepLimit>10</stepLimit>
            </options>
            <options>
                <title><![CDATA[NX ($ bill)]]></title>
                <minLimit>-150</minLimit>
                <maxLimit>150</maxLimit>
                <stepLimit>10</stepLimit>
            </options>
        </shockRange>
        <exogenousOptions id="exogenousInput">
            <options>
                <title><![CDATA[I]]></title>
                <minLimit>750</minLimit>
            </options>
            <options>
                <title><![CDATA[NX]]></title>
                <minLimit>0</minLimit>
            </options>
            <options>
                <title><![CDATA[ε]]></title>
                <minLimit>1.00</minLimit>
            </options>
        </exogenousOptions>
    </section>
</activity>

