<?xml version="1.0" encoding="UTF-8"?>
<activity>
    <heading><![CDATA[ The Solow Growth Model]]></heading>
    <question><![CDATA[]]></question>
    <section title="Explanation" id="Explanation" type="content">
        <htmlData>
			<![CDATA[
        <p>In this simulation of the Solow Growth Model, you can see the long-run economic 
implications of changes in the saving rate, the population growth rate and shocks to the 
capital stock. You can change the initial steady state or introduce a shock to the economy. When you make a change, the computer calculates the new initial and final steady states, 

as well as the transition path between them.</p>
<p>The exogenous variables of the Solow Growth Model are<br>
  the rate of population growth (<span class ="italics">n</span>), and<br>
  the rate of saving (<span class ="italics">s</span>).</p>

<p>The endogenous variables are<br>
  the level of capital per worker (<span class ="italics">k</span>), and<br> 
  the level of output per worker (<span class ="italics">y</span>).</p>
<p>The "steady state" is a long-run equilibrium in which the levels of y and k are constant. 
You can use the Solow model to find the steady-state levels of the endogenous variables 
and to describe the path along which the economy approaches the steady state if it does 
not start in steady state.</p>
<p>
The model begins with a production function that expresses the level of output per worker 
as a function of the level of capital per worker:</p>
<p><span class="highlighter italics">y = f(k)</span></p>
<p>Higher levels of capital per worker produce higher levels of output per worker. The production function exhibits decreasing returns: that is, as k grows, its marginal product 
falls.</p>
<p>The second equation in the model describes how the capital stock changes over time: 
</p>
<p><span class="highlighter italics">change in k = s * f(k) - (n+&Delta;) * k</span></p>
<p>The saving rate is s, so <span class ="italics">s * f(k)<span> is the amount of output used to create new capital. 
Depreciation (&Delta;) and population growth (<span class ="italics">n</span>) reduce the amount of capital per worker.</p>
<p>In steady state, the change in <span class ="italics">k</span> is equal to 0, implying</p>
<p><span class="highlighter italics">s * f(k) = (n+&Delta;) * k</span></p>
<p>This steady state relationship is summarized in the textbook.</p>
<p>If the economy is out of steady state, the levels of output and capital per worker will 
gradually adjust to their new steady state levels, as is shown in figure 4-9 in the text.</p>
<p>In the computer simulation for this chapter, you will have the opportunity to examine both 
changes in the steady state and changes in output and consumption that occur along the 
transition to the steady state. You can set the levels of saving and population growth in an 
initial steady state (the two sliders on the left marked "Until 1999") and in a final steady 
state (the two sliders on the right marked "2000+").</p>
<p>Changing the parameters will affect both the initial steady state and the steady state after 
2000.</p>
<p>
Initially, a graph of <span class ="italics">y</span> (output per capita) and <span class ="italics">c</span> (consumption per capita) appears. To see 
a table of the endogenous variables instead, click on the main tab named "Table." The 
table shows the paths of capital per capita, output per capita, consumption per capita, 
investment per capita, depreciation, and the marginal product of capital (MPK) from 1999 
to 2074. Use the up and down arrows to scroll through the table. The last row of the table 
shows the new steady state values.</p>

     ]]></htmlData>
    </section>
    <section title="Graph" id="Graph01" type="graphContent">
        <description><![CDATA[<p>Baseline values show the initial conditions of the economy. To see the effect of a policy change or a shock, move the sliders.</p> <p>For questions about this exercise, see the Quiz below the model. To change this exercise's parameters, click on Parameters.</p><p>You may experience a lag time on slower computers after moving a slider or when navigating through the questions. </p>]]></description>
        <rangeOptions id="intro">
            <options>
                <title><![CDATA[Depreciation Rate]]></title>
                <minLimit>0.01</minLimit>
                <maxLimit>0.10</maxLimit>
                <stepLimit>0.01</stepLimit>
                  <value>0.05</value>
            </options>
            <options>
                <title><![CDATA[Capital's Share of Income]]></title>
                <minLimit>0.30</minLimit>
                <maxLimit>0.70</maxLimit>
                <stepLimit>0.01</stepLimit>
                  <value>0.50</value>
            </options>
        </rangeOptions>
        <exogenousrange id="exogenousRange">
            <options>
                <title><![CDATA[Until 1999]]></title>
                <minLimit>0.01</minLimit>
                <maxLimit>1.00</maxLimit>
                <stepLimit>0.01</stepLimit>
                  <value>0.15</value>
            </options>
            <options>
                <title><![CDATA[2000+]]></title>
                <minLimit>0.01</minLimit>
                <maxLimit>1.00</maxLimit>
                <stepLimit>0.01</stepLimit>
                  <value>0.15</value>
            </options>
               
        </exogenousrange>
        <shockRange id="shockRange">
            <options>
                 <title><![CDATA[Until 1999]]></title>
                <minLimit>-0.01</minLimit>
                <maxLimit>0.05</maxLimit>
                <stepLimit>0.01</stepLimit>
                  <value>0.01</value>
            </options>
            <options>
                 <title><![CDATA[2000+]]></title>
                <minLimit>-0.01</minLimit>
                  <maxLimit>0.05</maxLimit>
                <stepLimit>0.01</stepLimit>
                    <value>0.01</value>
            </options>
        </shockRange>
        <exogenousOptions id="exogenousInput">
             <options>
                 <title><![CDATA[Capital]]></title>
                <minLimit>-0.50</minLimit>
                <maxLimit>0.50</maxLimit>
                <stepLimit>0.01</stepLimit>
                    <value>0</value>
            </options>
        </exogenousOptions>
    </section>
    <section title="Table" id="table" type="tableContent"></section>
</activity>